id_user	mp3_file	text
000001	0000014.mp3	 Mă numesc Babaian Ecaterina am 22 de ani învăț
000001	0000015.mp3	 la Amtap la specialitatea Violoncel 
000004	0000016.mp3	 Sunt Daniela Secinschii sunt fondatoarea companiei proactive și
000004	0000017.mp3	 expertă în finanțe personale 
000005	0000018.mp3	 Mă numesc Ioniță Elizabeta pensionară 
000005	0000019.mp3	 locuiesc în Chișinău sectorul Ciocana 
000002	0000020.mp3	 Sunt Viorica Cojocar din orașul Liova am patruzeci și trei
000002	0000021.mp3	 de ani am lucrat mulți ani în Italia ca badantă
000002	0000022.mp3	 și după cam vreo opt ani nouă să zicem am revenit acasă
000002	0000023.mp3	în țară și iaca peste ani am câștigat patru milioane de lei 
000003	0000024.mp3	 Mă numesc Alexandru Donos sunt psiholog 
000003	0000025.mp3	 de 14 ani sunt în domeniul social curat și până atunci încă mai activam
000003	0000026.mp3	și în calitate de voluntar 
000002	0000027.mp3	 Au fost ani când n-avem ce mânca au fost zile când mama cumpăra
000002	0000028.mp3	 pe zi două pâini cum erau înainte chirpic 
000002	0000029.mp3	 Le împărțea în patru că noi eram trei copii și mama mama ne-o crescut singură 
000002	0000030.mp3	 Și la fiecare câte o bucată de pâine toată ziua pentru că ea nu avea 
000002	0000031.mp3	 Dar așa am crescut cu greutăți foarte mari 
000004	0000032.mp3	 În familie noi nu aveam bani la vedere sau mulți bani nu am fost obișnuiți cu sume 
000004	0000033.mp3	 nici cu abundență financiară să știu că părinții sunt bogați 
000004	0000034.mp3	 În schimb mama totdeauna ne spunea un lucru uite-te Daniela noi poate nu avem bani 
000004	0000035.mp3	 dar noi suntem bogați pentru că avem ce mânca 
000004	0000036.mp3	 Și noi niciodată nu o să murim de foame 
000004	0000037.mp3	 Respectiv eu m-am simțit întotdeauna bogată prin faptul că am mâncare pe masă 
000004	0000038.mp3	 Deci așa mesaj mi s-a transmis 
000003	0000039.mp3	 Pot să-mi spun că foarte bine înțelegem și înțeleg continui
000003	0000040.mp3	 să înțeleg problemele nevoile oamenilor pentru că am trecut și eu în copilărie prin anumite încercări 
000003	0000041.mp3	 Și de aceea prețul banului și cam tematica despre care noi vorbim astăzi o cunosc 
000003	0000042.mp3	 și asta îmi permite mie cumva și să mai exercit cu demnitate atribuțiile de serviciu 
000005	0000043.mp3	 în familia mea situația financiară n-aș spune că o fost greu ori o fost un deficit 
000005	0000044.mp3	 știi așa Am apucat părinții totdeauna se stăruiau ca în casă să aibă copiii tot timpul 
000005	0000045.mp3	 N-aș spune că o fost așa de greu pe vremurile când noi socoteam că atuncea așa trebuie să fie cred că 
000005	0000046.mp3	 Depinde de la om la om depinde eu socot 
000005	0000047.mp3	 Pentru că am văzut aceia că era tot timpul și de atâta credem poate toți au așa 
000005	0000048.mp3	 ca cum au avut părinții noștri grijă de noi 
000005	0000049.mp3	 N-am suferit nevoia sărăcia 
000005	0000050.mp3	 Am fost o fost bine în vremurile celea când eram noi 
000005	0000051.mp3	 Că nu știam altă altă ceva cred că de atâta nouă ne părea că-i bine 
000001	0000052.mp3	 Primii bani de buzunar mi-i dădea caatare tata așa câte zece lei pe zi 
000001	0000053.mp3	 dar la un moment dat am deschis un mic business la școală 
000001	0000054.mp3	 Vindeam tartinele pe care mi le dădea bunica și în cazul în care nu se ajungeau la unii colegi 
000001	0000055.mp3	 le tăiam cu rigla în jumătate 
000001	0000056.mp3	 Și iaca așa făceam singură bani de buzunar și cu banii pe care făceam 
000001	0000057.mp3	 mă duceam jos la bufet și îmi cumpăram erau un fel de inelușe cu ciocolată 
000002	0000058.mp3	 Eu de când am început a lucra eu nu am mai dus foame eu nu am mai trăit cum trăiam 
000002	0000059.mp3	 eu încet încet am început să-mi cumpăr haine nu eram măritată 
000002	0000060.mp3	 Avem 17 ani m-am dus la cules nuci 
000002	0000061.mp3	 Pe deal m-am dus la într-un sat la un moș de-a meu că știam că era sezonul de strâns nuci și se făcea bani buni 
000002	0000062.mp3	 M-am dus acolo am strâns să înțelegeți eu de felul meu sunt hapsână la lucru 
000002	0000063.mp3	 am strâns nucile celea și mult am strâns 
000002	0000064.mp3	 Ne-o dat trei sute patru sute de lei pe nu patru sute și ceva de lei pe nucile celea dar erau foarte mulți bani 
000002	0000065.mp3	 foarte mulți bani Erau pentru mine socotiți eu am patruzeci și trei de ani și atunci avem 17 ani 
000002	0000066.mp3	 Cu câți ani în urmă eu am făcut așa mulți bani 
000002	0000067.mp3	 M-am dus de banii ceia ne-am cumpărat o cămașă de jeans care era la modă 
000002	0000068.mp3	 Doamne să fiu și eu în rând cu lumea 
000002	0000069.mp3	 Și ne-am cumpărat o pereche de jeans și ne-am cumpărat o pereche de pantofi de piele naturală erau tot la modă 
000002	0000070.mp3	 Pantofii ceia i-am purtat cred că 15 ani de zile 
000003	0000071.mp3	 Primii mei bani au fost legate de vânzarea anumitor produse agricole 
000003	0000072.mp3	 când eram la Bunei la Nordul Moldovei la Ocnița 
000003	0000073.mp3	 pe atunci mergeau mai multe trenuri și persoanele staționau mult timp în Ocnița chiar o oră erau două 
000003	0000074.mp3	 Și toți copiii și nu doar și vârsnicii ișeau cu ce aveau atunci 
000003	0000075.mp3	 nu știu De la Prăsade Mere până la Miere 
000005	0000076.mp3	 Avem tot timpul eu banii pentru că tata meu e un frate 
000005	0000077.mp3	 nu era căsătorit și tot timpul când venea îmi arunca câte ceva 
000005	0000078.mp3	 Și de bomboane mâncam și altele de atâta eu eu nu am suferit nimic 
000006	0000079.mp3	 Cât primeați de obicei o rublă două trei 
000005	0000080.mp3	 Primea ei nu erau pe atuncea copeici 
000005	0000081.mp3	 Atunci era o sută de grame de bomboane costa zece copeici 
000005	0000082.mp3	 Prima sumă de bani am făcut-o cea mai mare eu ni-am făcut-o 
000005	0000083.mp3	 Toată vara am strâns cireșe și am uscat și acum le-am vândut toamna 
000005	0000084.mp3	 Și tata meu mi-o mai dat o rublă și ne-o cumpărat palton 
000005	0000085.mp3	 treizeci și una de ruble cum era pe vremea aceea 
000004	0000086.mp3	 Pentru mine bogăția nu înseamnă doar bani dar relația cu banii
000004	0000087.mp3	 oricum s-a creat în timp și din copilărie pentru că mie îmi plăcea să strâng bani 
000004	0000088.mp3	 Deci eu eram acel copil care cinci bănuți douăzeci de bani un leu eu puneam sub covor 
000004	0000089.mp3	 Asta era perna mea de siguranță deci eu strângeam bani sub nici nu sub covor dar dacă stiți sub palas în casă 
000004	0000090.mp3	 Și acolo eu îmi adunam economiile așa mă simțeam eu că am că am bani voiam să adun 
000006	0000091.mp3	 Când a fost acel moment când tu ai simțit că uite eu sunt săracă 
000004	0000092.mp3	 Asta nu a fost în copilărie Acest moment a fost când eu am venit la Chișinău 
000004	0000093.mp3	 Eu nu aveam unde sa trăiesc 
000004	0000094.mp3	 deci Noi nu avem rude în Chișinău și am venit la facultate 
000004	0000095.mp3	 Trebuia să locuiesc undeva pentru că peste o zi eram la facultate și eu nu aveam unde să trăiesc 
000004	0000096.mp3	 O verișoară m-a primit cu ea să locuiesc doar două săptămâni 
000004	0000097.mp3	 Dar gazda mă întreba în fiecare zi da când pleci da când îti dă cămin 
000004	0000098.mp3	 Și mie cămin tot nu îmi dădea 
000004	0000099.mp3	 Respectiv vroiam deci mergeam pe străzile Chișinăului vedeam niște clădiri din astea cu geamuri sparte 
000004	0000100.mp3	 Și mă gândeam ele oricum sunt valorificate
000004	0000101.mp3	 dă-mi mie un metru pătrat iată Eu să reușesc aici să-mi pun un pat și-o să dorm 
000004	0000102.mp3	 Pentru că părinții poate mi-ar fi luat gazdă dar eu înțelegeam că ar fi o povară financiară foarte mare 
000004	0000103.mp3	 Tata meu lucra la Moscova nu întotdeauna i se achita mama e profesoară 
000004	0000104.mp3	 Nu erau bani disponibili ca mie să mi se achite gazdă 
000004	0000105.mp3	 Respectiv pe fundalul colegilor mei eu eram săracă 
000004	0000106.mp3	 păi Erau fete din Chișinău care veneau cu mașina 
000004	0000107.mp3	 Iar eu nu aveam unde să trăiesc 
000003	0000108.mp3	 Nu vin dintr-o familie bogată 
000003	0000109.mp3	 noi Am avut nevoie de bani 
000003	0000110.mp3	 Și avem în continuare nevoie de bani 
000003	0000111.mp3	 Mama părinții încercau să creeze o anumită atmosferă în care să să nu punem accentul pe lipsă 
000003	0000112.mp3	 dar să prețuim pe ceea ce avem 
000003	0000113.mp3	 Și eu mi-am dat seama foarte bine că au fost probleme mari legate de bani atunci când deja eu am devenit
000003	0000114.mp3	 persoană adultă și am venit în Chișinău să învăț 
000003	0000115.mp3	 Pe atunci înțelegem foarte bine că prin care stres și prin care situații dificile o trecut mama mea 
000003	0000116.mp3	 spre exemplu când încerca să îmi acopere anumite necesități 
000003	0000117.mp3	 Și de atunci încercam eu chiar din primul an de studii deja lucram 
000003	0000118.mp3	chiar Era o perioadă când învățam și lucram la două job-uri 
000003	0000119.mp3	 Pe atuncea prin tinerețe noi încă procuram cărți făceam xerox încă nu era internetul atât de  
000003	0000120.mp3	 Da că să pot să-mi descarc să zicem pe un stick toată informația și să fiu liniștit acasă citind 
000003	0000121.mp3	 nu Noi stăteam cu sacii întregi de xerox pentru asta trebuiau bani 
000003	0000122.mp3	 și De aceea noi lucram
000003	0000123.mp3	 Pot să fac o listă foarte mare de lucrări pe care am am încercat să le fac 
000003	0000124.mp3	 chelner paznic deci lucrător de igienă pedagog la diferite taberi 
000003	0000125.mp3	 Distribuiam pliante agent comercial foarte vastă lista 
000005	0000126.mp3	 Am terminat școala care erau prietenele mele mai mari ca mine 
000005	0000127.mp3	 se duceau la la normă în Colhoz că atunci era Colhoz și veneau și erau bucuroase că o trecut luna și-o primit vreo doi bănuți 
000005	0000128.mp3	 Și când am terminat școala și eu n-am vrut să mă studiez mai departe 
000005	0000129.mp3	 Mă duc și eu cu dânsele că ele spuneau că așa e de bine acolo 
000005	0000130.mp3	 Și după vreo doi ani de zile m-am dus eu și am studiat eu puțin la Soroca și la școala cooperativă 
000005	0000131.mp3	am fost și Am terminat școala cooperativă 
000005	0000132.mp3	 De acolo ne-o trimis în oraș la lucru 
000005	0000133.mp3	eu n-am vrut eu am vrut în sat că se deschisese pe carne cum era pe atuncea de copt pâine și eu de acum avem studiile și m-am dus în sat 
000005	0000134.mp3	 Și am lucrat mulți ani acolo lângă părinți Era bine 
000005	0000135.mp3	 Nu pot să mă jelui era bine 
000005	0000136.mp3	 Pe vremea ceia era undeva primeam până la șasezeci saptezeci de ruble 
000005	0000137.mp3	era Salariul atunci cel mai mare era șasezeci de ruble 
000005	0000138.mp3	 Noi de la șasezeci în sus primeam mașină de spălat ne-a cumpărat aurica televizor că vroiam 
000005	0000139.mp3	 Părinții pe atuncea n-aveau nevoie de lucrurile acestea nu Era de prima necesitate pentru dânșii 
000005	0000140.mp3	 Lucruri de așa mobilă 
000005	0000141.mp3	 Mă îmbrăcam puțin 
000002	0000142.mp3	 N-avem pantaloni la școală n-avem toată lumea era îmbrăcată frumos 
000002	0000143.mp3	 Dar eu cu o singură păreche de pantaloni tot tot anul 
000002	0000144.mp3	 Țin minte odată n-avem încălțăminte primăvara și era
000002	0000145.mp3	 Știți când se dezgheață omătul când e apă pe drum 
000002	0000146.mp3	 Și tot avem o pereche de încălțăminte când mă udam totdeauna mă udam 
000002	0000147.mp3	 Și-i spunem lu mama mea zic m-am săturat să fiu udă la picioare 
000002	0000148.mp3	 Da ea zice Viorica avea curci mama mea 
000002	0000149.mp3	 Țin minte 
000002	0000150.mp3	 Și zice duminică te duci la piață vinzi curcile vinzi curcani și
000002	0000151.mp3	 a să cumpărăm ceva de încălțat 
000002	0000152.mp3	 Ne-am dus noi atuncea am vândut 
000002	0000153.mp3	 Ea tare s-o stăruit 
000002	0000154.mp3	 Singură așa greu cum era ea sa stăruit 
000002	0000155.mp3	 Din și credea ea că putea să facă că ar putea să meargă înainte ea se stăruie 
000002	0000156.mp3	 Am vândut noi atuncea curcele celea țin minte toate 
000002	0000157.mp3	 Și ne-am dus la un la o tarabă acolo unde se vinde încălțăminte 
000002	0000158.mp3	 erau o păreche de cizme așa înalte 
000002	0000159.mp3	 Da mie mi-o plăcut așa de tare cizmele celea 
000002	0000160.mp3	 Când să le încalț erau mici 
000002	0000161.mp3	 Eu de frică că n-are să mi le mai ia și a să umblu udă 
000002	0000162.mp3	 iar am zis că mi-s bune 
000002	0000163.mp3	 Și așa degetele strânse așa am umblat cu cizmele celea până s-o rupt 
000002	0000164.mp3	 Că eu așa de mult eram sătulă așa de tare eram sătulă 
000002	0000165.mp3	 să fiu udă la picioare 
000002	0000166.mp3	 Cu toate că pantalonii care
000002	0000167.mp3	i-aveam erau o pereche de sportivi
000002	0000168.mp3	 cum să zic care erau într-o parte așa scris adidas 
000002	0000169.mp3	 Eu avem țin minte o pereche de aceia albaștri 
000002	0000170.mp3	 dungă cu linii așa albe și cu roșu scris adidas 
000002	0000171.mp3	 și închipuiți-vă cu cizmele celea până la genunchi 
000002	0000172.mp3	 eu parcă eram un soldat 
000002	0000173.mp3	 Îmbrăcată parcă eram un soldat 
000002	0000174.mp3	 Eu îmi dădeam seama că nu stă
000002	0000175.mp3	frumos dar eram bucuroasă că eu nu mă ud la picioare 
000002	0000176.mp3	 Da am fost un copil știți cum 
000002	0000177.mp3	 n-am cerut n-am cerut că știam că mama n-are 
000002	0000178.mp3	 Acum mă scuzați 
000002	0000179.mp3	 Și mama și acuma îmi spune 
000002	0000180.mp3	 așa de mult țin minte 
000002	0000181.mp3	 când tu umblai cu pantalonii ceia tot anul împrejur 
000002	0000182.mp3	 numai cu o pereche de pantaloni umblai la școală 
000002	0000183.mp3	 și erai fată mare eram clasa 11 
000002	0000184.mp3	 Și eu umblam numai îmbrăcată așa 
000002	0000185.mp3	 Avem în minte numai un lucru 
000002	0000186.mp3	 Eu cresc mare 
000002	0000187.mp3	 și eu n-am să mai trăiesc așa 
000001	0000188.mp3	 Cred că momentul cela o fost atunci când
000001	0000189.mp3	 nu aveam telefon profesional sau 
000001	0000190.mp3	 nu știu așa mai mai nou 
000001	0000191.mp3	 acuma dă-l mai nou pentru că la noi la școală 
000001	0000192.mp3	 chiar și la gimnaziu 
000001	0000193.mp3	 băieții fetele mai ales părinții care lucrau peste hotare 
000001	0000194.mp3	 aveau telefone mai performante 
000001	0000195.mp3	 Iar eu am umblat până în clasa 12
000001	0000196.mp3	 cu telefon cu butoane așa mai
000001	0000197.mp3	simplu deși îi spuneam bunicii că iaca
000001	0000198.mp3	 deja e timpul gata eu sunt mare ajunge 
000001	0000199.mp3	 Nu că noi n-avem bani pentru așa
000001	0000200.mp3	 investiții serioase 
000001	0000201.mp3	 Până acum țin minte ca atare la un moment dat 
000001	0000202.mp3	 nu știu până în ce clasă dar
000001	0000203.mp3	cumpăram încălțăminte de la second 
000001	0000204.mp3	 Pentru că era cumva mai ieftine și cumva
000001	0000205.mp3	 deja vedeai că-s de calitate că mă rog
000001	0000206.mp3	 că deja au fost purtate și sunt încă OK 
000001	0000207.mp3	 Eu vroiam un fel de încălțări bunica vroia
000001	0000208.mp3	 un pic mai ieftine 
000001	0000209.mp3	 cu model așa mai simplu 
000001	0000210.mp3	 Și pentru un moment atuncea mi se părea că încălțările
000001	0000211.mp3	 celela caatare sunt băbești 
000001	0000212.mp3	 Și spuneam lu bunica bunica da mie nu-mi plac 
000001	0000213.mp3	 ca acestea vreau altele ca atare 
000001	0000214.mp3	 Și bunica până la sfârșit 
000001	0000215.mp3	 mi-o cumpărat ceea ce am vrut eu 
000001	0000216.mp3	 deși erau un pic mai scumpe și poate 
000001	0000217.mp3	 nu știu peste bugetul care
000001	0000218.mp3	 a gândit ea că o să o să-mi cumpere 
000001	0000219.mp3	 Am fost destul de bucuroasă că 
000001	0000220.mp3	 anume acele încălțări au
000001	0000221.mp3	 fost în garderoba mea încă nu știu
000001	0000222.mp3	 doi ani undeva 
000001	0000223.mp3	 Eu aș vrea măcar o dată 
000001	0000224.mp3	 să să-mi cumpăr o pereche de adidas care
000001	0000225.mp3	 costă peste cincizeci de euro 
000001	0000226.mp3	 Dar la moment 
000001	0000227.mp3	 îmi dau seama că poți să găsești
000001	0000228.mp3	 și cu opt sute de lei și cu șase sute de lei 
000001	0000229.mp3	 încălțăminte de calitate 
000001	0000230.mp3	 poate și de piele 
000001	0000231.mp3	 La noi mereu în clasă era diferența asta de
000001	0000232.mp3	 de haine și cumva simțeam totuși diferența 
000001	0000233.mp3	 pentru că spre exemplu 
000001	0000234.mp3	 bunica mă îmbrăca mai simplu 
000001	0000235.mp3	 cu un sarafan de la piața centrală 
000001	0000236.mp3	 bazar
000001	0000237.mp3	 și cu un bantik de acesta mare
000001	0000238.mp3	 care mă vezi de la un kilometru și știi că asta merg eu 
000001	0000239.mp3	 Dar oricum pentru pentru bunica
000001	0000240.mp3	 pentru familia mea și pentru oamenii care mă mai vedeau
000001	0000241.mp3	 și nu știau toată situația din clasă 
000001	0000242.mp3	 mereu îmi spuneau că-s  sunt frumos îmbrăcată
000001	0000243.mp3	 și într-un fel cum bunica iubește să spună inteligentă 
000001	0000244.mp3	 După ce am plecat la colegiu 
000001	0000245.mp3	 deja diferența asta nu mai era 
000001	0000246.mp3	 pentru că erau copii de absolut de peste
000001	0000247.mp3	 tot din sate din diferite regiuni ale Moldovei 
000001	0000248.mp3	 Și cumva deja nu mai simțea diferența 
000001	0000249.mp3	 asta pentru că deja toți eram într-o
000001	0000250.mp3	 așa mai cu mult mai prietenoși 
000002	0000251.mp3	 M-am măritat devreme la 18 ani și jumate să zicem așa
000002	0000252.mp3	 m-am măritat 
000002	0000253.mp3	 Eu îmi dădeam seama că sunt prea tânără 
000002	0000254.mp3	 da ca când să scăp eu oleacă de casa 
000002	0000255.mp3	 mea ca când să să mă duc în altă casă 
000002	0000256.mp3	 Am născut o fetiță peste trei ani 
000002	0000257.mp3	 Da s-o îmbunătățit ceva că zicem că avem haine
000002	0000258.mp3	 ceea ce îmi lipsea tare mult acasă 
000002	0000259.mp3	 aicea o leacă le-am mai multe le aveam 
000002	0000260.mp3	 Fetița nu avea nu împlinise încă doi ani 
000002	0000261.mp3	 Eu m-am hotărât să mă duc la Italia 
000002	0000262.mp3	 Zic dar eu mă duc tot pentru dânsa 
000002	0000263.mp3	 Ca să nu crească cum am crescut eu 
000002	0000264.mp3	 Dar să vă spun una cât trăiam
000002	0000265.mp3	 cu soțul totdeauna parcă eram alungată din casă 
000002	0000266.mp3	 că el avea casă un fel de scoatere de ochi 
000002	0000267.mp3	 El avea casă și eu n-aveam Și
000002	0000268.mp3	 ești o sărăntoacă și ești o sărăntoacă 
000002	0000269.mp3	 Și eu chestia asta n-am putut să o suport 
000002	0000270.mp3	 pentru că eu am mâini am picioare eu sunt tânără 
000002	0000271.mp3	 și eu în mintea mea avem că eu trebuie să muncesc și eu trebuie să-mi fac 
000002	0000272.mp3	 Nu trebuie să aștept eu de la cineva și să mă înjosească
000002	0000273.mp3	 și să mă  Nu 
000004	0000274.mp3	 Când am deschis afacerea a mai fost o etapă
000004	0000275.mp3	 destul de complicată în viața noastră 
000004	0000276.mp3	 pentru că noi banii îi investeam în afacere 
000004	0000277.mp3	 iar noi nu aveam de fapt bani să să trăim hai să zic așa 
000004	0000278.mp3	 Respectiv mergeam cu soțul în parc și vrem cafea 
000004	0000279.mp3	 Dar noi nu aveam bani de acea cafea 
000004	0000280.mp3	 Deci chiar era o perioadă grea în care noi trebuia să să dăm
000004	0000281.mp3	 toți toți banii pentru afacere dar nu ne rămânea nouă pentru trai 
000004	0000282.mp3	 Și a fost un moment în care soțul de la Chia account manager 
000004	0000283.mp3	 trebuit să meargă în taxi ca să avem lichidități deci bani pentru cheltuială 
000004	0000284.mp3	 Eu cred că acela a fost moment greu
000004	0000285.mp3	 și în care am înțeles ce un valoros am alături 
000005	0000286.mp3	 Când lucram în sat când lucram în sat
000005	0000287.mp3	 tot eram activă 
000005	0000288.mp3	 O lună ori două luni de zile am umblat la Comitetul Comsomolului din raion
000005	0000289.mp3	 până am văzut o foaie turistică pe vreme ceea în anii șaptezeci și șase le spun 
000005	0000290.mp3	 Până am văzut o foaie turistică la România 
000005	0000291.mp3	 Când am ajuns la hotare mai mult de treizeci de ruble 
000005	0000292.mp3	 nici nu dădea voie să  ori treizeci ori șasezeci de ruble 
000005	0000293.mp3	 Să lăsăm tot aurul inele cercei tot la hotare 
000005	0000294.mp3	 ei ce am cumpărat din România rochie 
000005	0000295.mp3	 Pe atuncea la noi era un deficit mare de de material 
000005	0000296.mp3	 Trebuie să s-ai mari buni prieteni undeva la vreo bază de asta care aduce material 
000005	0000297.mp3	 s-ai o bucată de material 
000005	0000298.mp3	 Dar iaca în România când m-am dus și când am intrat în magazinele lor
000005	0000299.mp3	 și când am văzut toate culorile și rochii de care vrei 
000005	0000300.mp3	 îmi fugeau ochii de bani nu erau 
000005	0000301.mp3	 Când am cumpărat mi le-a pus într-o sacoșă de asta 
000005	0000302.mp3	 cu toartă de  cerofar cum se cheamă 
000005	0000303.mp3	 Dar eu am spus că oare o să țină până afară 
000005	0000304.mp3	 Știi sacoșa ceia 
000005	0000305.mp3	 Măcar că vorbeam tot moldovenește 
000005	0000306.mp3	 da doamna o cunoscut că nu suntem de acolo 
000005	0000307.mp3	 și-mi spune că o să țină doamna o să țină că nu sunt rusești 
000003	0000308.mp3	 Noi cu dumneavoastră vorbeam despre sărăcie 
000003	0000309.mp3	 da Și atunci asta este un proces 
000003	0000310.mp3	 asta este un fenomen
000003	0000311.mp3	 care acoperă un număr foarte mare de persoane 
000003	0000312.mp3	 Și atunci când vii dintr-un mediu în care să zici
000003	0000313.mp3	 n-ai avut tari mari posibilități 
000003	0000314.mp3	 tu primești anumite încercări 
000003	0000315.mp3	 că ca ceva obișnuit 
000003	0000316.mp3	 Eu îmi dau foarte bine seama că ar putea fi un stres destructiv
000003	0000317.mp3	 pentru persoane care au avut un nivel de trăi înalt 
000003	0000318.mp3	 Și atunci într-o situație critică 
000003	0000319.mp3	 trebuie să înceapă de la zero 
000003	0000320.mp3	 Iată cum acum spre exemplu 
000003	0000321.mp3	 unii din persoane strămutate 
000003	0000322.mp3	 dar refugiate din din alte țări să zicem 
000003	0000323.mp3	 Practic încep de la început 
000003	0000324.mp3	 Iată asta este un stres foarte major 
000003	0000325.mp3	 pe Atunci eu am venit dintr-un mediu destul de modest 
000003	0000326.mp3	 Și zicem și pentru mine nu era atât de mare stresul respectiv 
000003	0000327.mp3	 Altceva este că eu foarte bine îmi dădeam seama
000003	0000328.mp3	 că unii colegi de-a mei 
000003	0000329.mp3	 își petreceau timpul liber
000003	0000330.mp3	 pentru a studia pentru a investi
000003	0000331.mp3	 în viitorul acestei profesii 
000003	0000332.mp3	 eu pe atunci am dat foarte bine seama că
000003	0000333.mp3	 eu trebuie să fiu atent
000003	0000334.mp3	 cu anumite responsabilități pe care o să mi le iau
000003	0000335.mp3	 atunci când o să primesc această diplomă în mână 
000003	0000336.mp3	 Pentru că nu eram la nivel cu acele persoane
000003	0000337.mp3	 care aveau timp suficient 
000003	0000338.mp3	 spre exemplu să particie la diferite cursuri să le procure
000003	0000339.mp3	 să meargă în diferite țări să facă practică 
000003	0000340.mp3	să zicem să beneficieze de anumite seminarii contra plată 
000003	0000341.mp3	 Eu toate acestea nu le aveam 
000003	0000342.mp3	 Și înțelegem foarte bine că nu mă pot compara să zicem da 
000003	0000343.mp3	 Dar în schimb am am am o practică de viață
000003	0000344.mp3	 care acum la moment îmi ajută 
000003	0000345.mp3	 Pentru că eu mi-am ales conștient domeniul social 
000002	0000346.mp3	 Plecat eu la Italia cam greu am ajuns 
000002	0000347.mp3	 tare greu am ajuns pe timpurile acelea 
000002	0000348.mp3	 Eram și optimistă curajoasă 
000002	0000349.mp3	 pentru că știam problemele din urmă care le-am lăsat 
000002	0000350.mp3	 Pe mine asta mă făcea să fiu mai curajoasă mai
000002	0000351.mp3	 să nu mă gândesc la nimic de rău 
000002	0000352.mp3	 M-am dus cu un scop să-mi schimb viața 
000002	0000353.mp3	 Și așa și am făcut 
000002	0000354.mp3	 Eu nu mă ducem să cheltui banii 
000002	0000355.mp3	 eu strângem bani la bani 
000002	0000356.mp3	 Nu mă ducem să mănânc o înghețată 
000002	0000357.mp3	 stăteam și mă gândeam zic
000002	0000358.mp3	 eu am greșit că nu ne-am cumpărat o înghețată 
000002	0000359.mp3	 Eu munceam și sâmbăta și duminica 
000002	0000360.mp3	 ieșiam de la un post de muncă care îl făceam toată săptămâna 
000002	0000361.mp3	 Repede luam autobuzul mă ducem la altul 
000002	0000362.mp3	 Primul lucru mi-o găsit prietena mea un
000002	0000363.mp3	 printr-o altcineva un lucru într-un sat 
000002	0000364.mp3	 la vârful muntei în munte 
000002	0000365.mp3	 Stăpâna la casă era rusoaică de origine rusă 
000002	0000366.mp3	 dar el era italian barbatul era italian 
000002	0000367.mp3	 Aveau împreună două fetițe 
000002	0000368.mp3	 Vreau să vă spun așa am fost tratată foarte rău
000002	0000369.mp3	 în casa ceia
000002	0000370.mp3	 Eu așa de obosită eram și toată ziua 
000002	0000371.mp3	 în picioare și toată ziua lucram 
000002	0000372.mp3	 Era ora 11 zece noaptea într-o seară 
000002	0000373.mp3	 Eu cu legheanul cu rufe din mașina de spălat 
000002	0000374.mp3	 ridicam scările la doilea etaj 
000002	0000375.mp3	 că era casă cu două etaje 
000002	0000376.mp3	 și nu mai putem să mai merg 
000002	0000377.mp3	 Și zic hai cenușăreasa hai c-ai să poți 
000002	0000378.mp3	 ai vrut la Italia 
000002	0000379.mp3	 Așa am suferit două luni acolo 
000002	0000380.mp3	 Doamne maltratată de una care o făcut lucru ca mine 
000004	0000381.mp3	 Dacă într-o bună zi eu rămân pe zero și nu mai am niciun leu 
000004	0000382.mp3	 eu o să renasc pentru că am mai făcut asta de multe ori 
000004	0000383.mp3	 Nu este greu să faci bani 
000004	0000384.mp3	 Banii în genere sunt o consecință 
000004	0000385.mp3	 adică un rezultat 
000004	0000386.mp3	 Tu ai dat munca ta și ai primit banii 
000004	0000387.mp3	 În general să faci bani nu e greu 
000004	0000388.mp3	 Și eu vorbesc nu din perspectiva Danielei 
000004	0000389.mp3	 care a ajuns undeva 
000004	0000390.mp3	 dar în contextul social moldovenesc chiar 
000004	0000391.mp3	 intrați pe orice site în care sunt job-uri 
000004	0000392.mp3	 acolo posturi vacante sunt foarte multe 
000004	0000393.mp3	 Respectiv dacă chiar nu o să pot să fiu o antreprenoare 
000004	0000394.mp3	 pot să mă angajez 
000004	0000395.mp3	 Deci e destul de simplu astăzi să fii angajat și să acumulezi bani 
000004	0000396.mp3	 noi Chiar avem o insuficiență de angajați la moment și acum oamenii
000004	0000397.mp3	 te pot angaja și fără diplomă 
000004	0000398.mp3	 Deci nu e o problemă 
000004	0000399.mp3	 sunt studiile superioare dacă nu vorbim de medicină 
000004	0000400.mp3	 dacă nu vorbim da de jurisprudiență 
000004	0000401.mp3	 De aceea sunt studiile de scurtă durată 
000004	0000402.mp3	 exemplu contabil sau human resources 
000004	0000403.mp3	 Ai putea să te califici în al doilea rând 
000004	0000404.mp3	 Poți crește în carieră 
000004	0000405.mp3	da Deci tu poți să te angajezi astăzi chelner
000004	0000406.mp3	 și să dai din coate și să ajungi manager vânzări
000004	0000407.mp3	 sau manager de restaurant 
000004	0000408.mp3	 Și sunt cazuri care oamenii nu depun dar ei
000004	0000409.mp3	 sunt acolo 
000005	0000410.mp3	 La noi era tot dificil 
000005	0000411.mp3	 la noi era tot dificil Nu puteai să un lucru mai frumos 
000005	0000412.mp3	 Îl vedeai numai la cei care lucrau în magazine la bază 
000005	0000413.mp3	 Da toți doreau ceva frumos 
000005	0000414.mp3	 Li se duceau ochii mai ales când ești tânăr 
000005	0000415.mp3	 Am venit la Chișinău m-am aranjat la o grădiniță de copii
000005	0000416.mp3	 pentru că n-avem înscriere în oraș și n-o puteai face 
000005	0000417.mp3	 Și pe atunci era un deficit 
000005	0000418.mp3	 Cum era Era greu să-ți faci o înscriere în oraș 
000005	0000419.mp3	 Noi oameni de la țară 
000005	0000420.mp3	 Numai la grădiniță primeau fără înscriere 
000005	0000421.mp3	 El lucra șofer și eu m-am aranjat la o grădiniță 
000005	0000422.mp3	 patruzeci și cinci de ruble
000005	0000423.mp3	 Atunci era patruzeci și cinci de ruble te descurcai mai plăteai chiria 
000005	0000424.mp3	 Dar nu era scumpă Chiria era un puțini ședeau atunci cu chiria 
000003	0000425.mp3	 Și sărăcia poate fi abordată individual 
000003	0000426.mp3	 Pentru cineva sărăcia asta este 
000003	0000427.mp3	 spre exemplu lipsa unei bucate de pâini apă pe masă 
000003	0000428.mp3	 pentru altul spre exemplu că iată astăzi nu am internet să zicem 
000003	0000429.mp3	 sau nu-mi pot cumpăra o haină care o are vecinul meu 
000003	0000430.mp3	 Foarte diferit 
000003	0000431.mp3	 Și cum am mai spus eu 
000003	0000432.mp3	 și important să fim foarte responsabili atunci când vorbim despre sărăcie 
000003	0000433.mp3	 Pentru cei care ne aud mai ales cresc și se educă cu percepția că eu trăiesc într-o țară săracă 
000003	0000434.mp3	 toți pe lângă mine sunt săraci 
000003	0000435.mp3	 păi asta eu a să cresc cu așa o percepere 
000003	0000436.mp3	 Și atunci când o să vin și eu adult eu o să fiu absolut convins că așa este 
000003	0000437.mp3	 Pentru că toți vorbesc despre asta 
000001	0000438.mp3	 Acuma eu trăiesc separat de bunica trăiesc la cămin 
000001	0000439.mp3	 Toate cheltuielele mele sunt pe cont propriu 
000001	0000440.mp3	 lucrez la compania de la Radio Moldova ca instrumentist 
000001	0000441.mp3	 și la moment salariul pe care îl am este de ajuns 
000001	0000442.mp3	 fiind student și lucrând jumătate de zi 
000002	0000443.mp3	 Primii primii bani prima lună am primit șase sute de euro 
000002	0000444.mp3	 țin minte m-am dus de acuma sara era 
000002	0000445.mp3	 i-am înșirat pe pat erau de cincizeci i-am înșirat pe pat
000002	0000446.mp3	 stătem și mă uitam la banii ceia banii aceștia-s a mei 
000002	0000447.mp3	 eu i-am lucrat banii aceștia eu 
000002	0000448.mp3	 Și zic uite cu cât greu i-am făcut 
000002	0000449.mp3	 câte o trebuit eu ca să trec ca să câștig banii aceștia 
000002	0000450.mp3	 Erau mulți bani că la Moldova nu câștigau atâția bani 
000002	0000451.mp3	 I-am trimis acasă 
000002	0000452.mp3	 Perioada când eu nu avem acte și nu putem să vin în țară 
000002	0000453.mp3	 să-mi văd fata numai un gând numai un gând 
000002	0000454.mp3	 Era zic principalul că e sănătoasă și eu odată a să o văd 
000002	0000455.mp3	 Numai asta iaca eu cu vorba asta mă alinam 
000002	0000456.mp3	 Eu odată a să o văd pe dânsa dar principalul că e sănătoasă 
000002	0000457.mp3	 Nu știu dacă toate mamele așa s-alinau 
000002	0000458.mp3	 dar iaca eu anume așa și poate nici nu plângeam 
000002	0000459.mp3	 nu plângeam pentru că nu avea rost 
000002	0000460.mp3	 zic pentru ce să plângi 
000002	0000461.mp3	 Eu trebuie să lucrez până în ziua când eu a să mă duc 
000006	0000462.mp3	 după ce ai primit actele ai revenit în Moldova 
000002	0000463.mp3	 Da de odată de odată 
000002	0000464.mp3	 Avem bani strânși mulți avem bani de-un apartament 
000002	0000465.mp3	 S-o primit că am luat și apartament 
000002	0000466.mp3	 Eu știam că eram fugărită totdeauna că asta-i casa mea 
000002	0000467.mp3	 asta-i casa mea 
000002	0000468.mp3	 Eu în primul rând am zis casă îmi cumpăr
000001	0000469.mp3	sincer eu Sunt fericită pentru că am am acoperire deasupra capului
000001	0000470.mp3	 am unde mă întoarce de fiecare dată și unde dormi în locușor cald
000001	0000471.mp3	 am unde mânca am ce mânca 
000001	0000472.mp3	 Și unicul minus îi că nu-i a meu 
000001	0000473.mp3	 Dacă ar fi fost a meu și știam că anume asta e proprietatea mea 
000001	0000474.mp3	 cum poate un pic mai altfel 
000004	0000475.mp3	 La perioadele în care nu aveam bani atunci când investeam în proactive
000004	0000476.mp3	 nu m-a afectat foarte tare adică nu am deveni nu am fost în depresie 
000004	0000477.mp3	 dar am avut o stare destul de încordată și iată atunci
000004	0000478.mp3	 mi-era greu să-mi imaginez cum să ies 
000004	0000479.mp3	 pentru că noi Deja acumulasem ceva datorii bani nu aveam 
000004	0000480.mp3	 respectiv trebuia să deci creditul cel puțin pe mașină să-l dăm 
000004	0000481.mp3	 și respectiv eu am făcut un excel un buget în care eu am scris acolo
000004	0000482.mp3	tac noi avem aceste datorii avem aceste cheltuieli în fiecare lună 
000004	0000483.mp3	 Și venituri trebuie sau nu ca să le planificăm ca să acoperim datoriile și cheltuielele 
000004	0000484.mp3	 Și iată eu atunci am făcut metoda inversă de planificare a veniturilor 
000004	0000485.mp3	 Respectiv a fost atât de greu încât eu a trebuit un instrument să-l nasc 
000004	0000486.mp3	 să văd cum eu să ies din această situație dar mai întâi da a fost greu 
000004	0000487.mp3	 bine Eu și deja mai citisem cărți de educație financiară
000004	0000488.mp3	 dar am făcut un tabel simplu de buget și acolo jos 
000004	0000489.mp3	 noi scriem scopurile noastre și vreau laptop vreau iPhone 
000004	0000490.mp3	încetișor visam dar nu nu era realizabil la la momentul acela 
000004	0000491.mp3	 uite așa pe urmă scriam tot ce cheltuim tot ce încasăm în acel tabel 
000004	0000492.mp3	 Și iată așa am reușit cumva să ne aducem situația noastră financiară vizibilă 
000004	0000493.mp3	 și pentru noi clară și transparentă și apoi să majorăm veniturile 
000005	0000494.mp3	 înainte de două mii undeva când mulți au pierdut lucru 
000005	0000495.mp3	 banii economisiți mulți nu i-au văzut 
000005	0000496.mp3	 pentru că băncile nu dădeau 
000005	0000497.mp3	 Băncile au dat atuncea acolo câte două trei sute de ruble și gata 
000005	0000498.mp3	 nu dădeau băncile n-o mai dat băncile 
000005	0000499.mp3	 Pe urmă au dispărut și băncile cu totul 
000005	0000500.mp3	 Atuncea o fost mai aceasta ea 
000005	0000501.mp3	 Pe urmă am plecat la lucru când așa dar și nici nu m-am așteptat drept să vă spun
000005	0000502.mp3	 așa pe neprins de veste și de atâta n-am simțit nevoia 
000005	0000503.mp3	 Printre anii ceia primii era foarte greu peste hotare 
000005	0000504.mp3	 Când am ajuns acolo de acum am văzut unde am nimerit 
000005	0000505.mp3	 dar am mers înainte Cum o fost în Italia 
000005	0000506.mp3	 Am nimerit la cunoscuți deodată care erau acolo mai tineri 
000005	0000507.mp3	 care s-au dus deci tineretul 
000005	0000508.mp3	 Și a nimerit la dânșii m-au ajutat să învăț limba
000005	0000509.mp3	 cât am căutat de lucru pe vremea ceia de lucru se găsea mai greu nu ca acuma
000005	0000510.mp3	 Că nu era erau puțini puțini moldoveni erau în anii două mii 
000005	0000511.mp3	 A stat aproape zece ani da m-am dus am venit m-am dus am venit n-am
000005	0000512.mp3	 stat permanent 
000006	0000513.mp3	 Cu banii din Italia ce ați făcut 
000005	0000514.mp3	 casa de construit Am construit casa 
000001	0000515.mp3	 Când nu am bani eu  
000001	0000516.mp3	 duc pe la bunica Știu că de fiecare dată
000001	0000517.mp3	 o să-mi dea acolo un kilogram de cartofi ciapă ceva de fiecare dată
000001	0000518.mp3	 o să spună o da eu ieri am fost la piață dă eu să-ți dau ceva produse carne 
000001	0000519.mp3	 sau acelea și pelimene pește sau nu știu de fiecare dată 
000001	0000520.mp3	 eu știu că și sunt sigură că ea o să mă ajute pe mine cu ceva
000001	0000521.mp3	 în caz că nu o să nu o să am posibilitatea să mă ajut singură mine 
000001	0000522.mp3	 Eu pe lună am în jur la cinci mii de lei plus minus mai apar uneori
000001	0000523.mp3	 niște cântări cu mă rog achitate 
000006	0000524.mp3	suficient ca să-ți acoperi cu brio 
000006	0000525.mp3	 toate cheltuieli lunare 
000001	0000526.mp3	 Cred că m-ar face fericită pe în jur la poate vreo zece mii de lei la moment 
000005	0000527.mp3	 Banii întotdeauna ei lipsesc Niciodată nu sunt în plus 
000005	0000528.mp3	 Dacă ai cerință mare și bani trebuie mai mare 
000005	0000529.mp3	 Dacă nu ai cerințele mai mici te limitiezi la ceea ce ai mergi înainte 
000005	0000530.mp3	 sunt de acord că-s mici pensiile dar la cine sunt mici 
000005	0000531.mp3	 Sunt mici la oameni care o lucrat în colhoz 
000005	0000532.mp3	 Da sunt până la două mii la sate oamenii primesc două mii 
000005	0000533.mp3	 au lucrat greu în colhoz ei au ieșit cu pensii mici 
000005	0000534.mp3	 Cum se descurcă pensionarii Scutesc da 
000005	0000535.mp3	 Da din strâng capecă cu capecă
000005	0000536.mp3	 Pentru că ei socot în primul rând să aibă lemne de iarnă 
000005	0000537.mp3	 să aibă cu ce plăti lumina aceasta gazul pentru dânșii 
000005	0000538.mp3	 Și medicamentele azi sunt scumpe tare 
000005	0000539.mp3	 la ceea ce-i La pensionarii săracii mai mult cu medicamente trăiesc astăzi 
000005	0000540.mp3	 Speranța lor e să ajungă mai înainte cu medicamentele 
000004	0000541.mp3	 Eu cred că noi ne luăm în mâini atunci când avem o criză 
000004	0000542.mp3	 Și mie foarte tare îmi plac crizele apropo 
000004	0000543.mp3	 Și eu mi le creez singură acum sunt într-o altă criză 
000004	0000544.mp3	 special mi-am creat-o 
000004	0000545.mp3	 Noi în vremuri liniștite suntem nu prea productivi 
000004	0000546.mp3	 A noi noi nu suntem motivați 
000004	0000547.mp3	 O super merge foarte bine deci totul este bine 
000004	0000548.mp3	 Cu zece mii de lei înseamnă că doar cinci mii o să dau acolo și încă patru mii 
000004	0000549.mp3	 O să le cheltui și o mie o să strâng 
000004	0000550.mp3	 da Noi nu evoluăm noi nu progresăm noi nu cumpăram casă 
000004	0000551.mp3	 noi nu cumpăram mașină nu ne ducem în călătorii 
000004	0000552.mp3	 Dar când îți asumi provocări financiare chiar atunci tu o să dai din coate de două ori mai mult 
000002	0000553.mp3	 Când s-o deschis loteria când loteria are acuma câțiva ani cinci ani 
000002	0000554.mp3	 eu am început și să joc și la loterie la Moldova strângem bilet cu bilet 
000002	0000555.mp3	 Bilet cu bilet eu le strângem așa într-o cutie ca să văd eu cât a să cheltui 
000002	0000556.mp3	 M-am dus la distribuitorul ăsta de benzină și-i spun
000002	0000557.mp3	 dă-mi te rog niște bilete da te rog frumos să nu îi spui lu fratele meu 
000002	0000558.mp3	 să nu îi spui deloc că eu am cumpărat așa de multe bilete ca să mă ocărască 
000002	0000559.mp3	 Eu când cumpăram doream să nu mă vadă nimeni că parcă îmi era și rușine
000002	0000560.mp3	 da și lumea ce-o să zică ia uite asta cheltuie bani pe bilete 
000002	0000561.mp3	 Mă duc acasă și încep a răzui și făcem așa cu un bănuț 
000002	0000562.mp3	 După șapte bilete rasă a optălea să zicem așa a optălea a nouălea era acesta cu patru milioane 
000002	0000563.mp3	 Ei când am văzut mai bine Doamne știți în momentul cela  
000002	0000564.mp3	 Parcă și durere da bucurie îți vine în cap tot ce-ai trecut tu 
000002	0000565.mp3	 Doamne când am început să plâng 
000002	0000566.mp3	 Eu scăp de datorie eu scăp de credit eu fac tot ce-mi trebuie eu îmi cumpăr mașină 
000002	0000567.mp3	 Doamne zic să  
000004	0000568.mp3	 Sărăcia se moștenește tu poți să te naști sărac dar depinde de tine dacă mori sărac eu așa a-și spune 
000004	0000569.mp3	 Și o să vă dau pilda a doi frați care sunt întrebați ambii de ce au ajuns unde au ajuns 
000004	0000570.mp3	 Unul era în închisoare s-a dus și l-a întrebat păi de ce ai ajuns în închisoare 
000004	0000571.mp3	 Și el spune pentru că tata a fost alcoolic ce am văzut aceea am făcut și eu 
000004	0000572.mp3	 Și al doilea frate era bogat era om de succes și l-a întrebat de ce ai ajuns unde ai ajuns 
000004	0000573.mp3	 Și-a spus pentru că tata a fost alcoolic eu nu vreau să fiu la fel 
000004	0000574.mp3	 Deci de noi depinde unde ajungem și de decizia noastră 
000004	0000575.mp3	 De obicei suntem motivați de lipsuri mai mult decât de dorință 
000004	0000576.mp3	 Adică pe noi lipsurile ne duc înainte 
000004	0000577.mp3	 Și atunci când omul simte lipsă când ai real nevoie de bani tu o să lucrezi dublu mai mult 
000004	0000578.mp3	 Sau o să cauți soluții mai ingenioase mai creative o să te apuci de orice ca tu să nu fii sărac 
000001	0000579.mp3	 Am moștenit o tradiție de la bunica să nu împrumut să mă strădui de fiecare dată să nu am datorii 
000001	0000580.mp3	 Și dacă am posibilitate să pun niște bani deoparte deși asta mi se dă câteodată foarte greu recunosc 
000001	0000581.mp3	 Dar totuși mă strădui să să mai pun așa pe la ciorap din când în când 
000001	0000582.mp3	 Și acuma am făcut un pas foarte important în viața mea 
000001	0000583.mp3	 Mi-am cumpărat pușculiță care nu se desface 
000001	0000584.mp3	 Și știu că dacă acolo am pus douăzeci sau vreo cincizeci de lei știu că de acolo nu mai iese 
000006	0000585.mp3	 se moștenește 
000003	0000586.mp3	 Da Cred că da Da 
000003	0000587.mp3	 Da pentru că cum v-am mai spus eu deci tot depinde cum interpretăm noi realitatea cu care ne confruntăm 
000003	0000588.mp3	 Pentru că dacă vorbim despre un fenomen și vorbim despre sărăcie din punct de vedere psihologic 
000003	0000589.mp3	 deci eu cred că nu o să fiu cumva aici nu o să deschid ceva nou când vorbesc despre faptul că asta este un mod de a gândi 
000003	0000590.mp3	 da anume punând accentul pe ceva negativ pe lipsă pe situații 
000003	0000591.mp3	 pe anumite circumstanțe 
000003	0000592.mp3	 la urma cărora eu conștientizez foarte bine că eu nu am
000003	0000593.mp3	 și cumva nici nu am forță pentru a depune un efort 
000003	0000594.mp3	 N-am o perspectivă 
000003	0000595.mp3	 Mă gândesc că nici nu este real să am 
000003	0000596.mp3	 Cam cam cam în linii generale despre asta este 
000003	0000597.mp3	 Și atunci când eu având un astfel de percepere despre sine despre rolul meu în tot ce se întâmplă despre viitor 
000003	0000598.mp3	 și îmi asum responsabilitatea și cresc alături un copil 
000003	0000599.mp3	 ei care îmi dau acest model de percepere negativă a realității 
000003	0000600.mp3	 atunci copilul deci neavând altă susă el înțelege și cumva preea acest model 
000003	0000601.mp3	 Și cu mult mai mare șansa că având în viitor anumite situații dificile ar putea să repete modelele mele 
000003	0000602.mp3	 În care eu spre exemplu n-am putut face față la anumite lucruri 
000001	0000603.mp3	 Eu nu mai sunt săracă dar deși am momente în care mai pun la colțun
000001	0000604.mp3	 și îmi dau seama că ar trebui în unele momente să mai economisesc puțin și să  
000001	0000605.mp3	 Nu știu că totuși mai sunt priorități 
000001	0000606.mp3	 Nu pot să-mi permit chiar tot ce vreau eu 
000001	0000607.mp3	 Eu acuma organizez banii în felul următor 
000001	0000608.mp3	 Pun bani deoparte pentru mâncare pentru că asta este strictul necesar deja igienă și haine 
000001	0000609.mp3	 În ultimul timp haine deja înțeleg că e full garderoba și ajunge 
000001	0000610.mp3	 Și acuma-i pe uneori și ieșirile cu prietenii deja în oraș 
000001	0000611.mp3	 Da asta deja atunci când îmi dau seama că bani sunt în plus și pot să-mi permit 
000001	0000612.mp3	 Cred că eu încep să-mi permit să ies cu prietenii în oraș atunci când simt că am vreo cinci sute de lei în plus
000001	0000613.mp3	 și îmi dau seama că evenimente luna asta nu mai am cadouri la nimeni nu trebuie să cumpăr 
000001	0000614.mp3	 Tot normal pot să pot să ies 
000001	0000615.mp3	 Mai ales că am am prietenii care hai gata să ieșim o dată hai și zic nu pot acuma să-mi permit 
000001	0000616.mp3	 Și zice că da hai măcar să ieșim măcar nu știu să bem o cafea ceva zic că nu acum 
000001	0000617.mp3	 Am alte priorități 
000003	0000618.mp3	 Sărăcia dacă ar putea fi o rușine 
000003	0000619.mp3	 Desigur că nu părerea mea 
000003	0000620.mp3	 Pentru că nu poate nici ca cum fi o rușine 
000003	0000621.mp3	 O situație în care eu m-am pomenit și uneori nu este alegerea mea 
000003	0000622.mp3	 Eu nu știu o persoană care ar vrea să aleagă sau alege conștient să fie sărac 
000003	0000623.mp3	 Dacă ne întoarcem la experiența buneilor noștri dacă și comparăm cu nivelul de trai pe care noi îl avem acum nici nu se compară 
000003	0000624.mp3	 Deci au trăit absolut alte situații 
000003	0000625.mp3	 Le putem numi săraci 
000003	0000626.mp3	 Alții ar spune că da pentru că n-au avut nimica ceea ce am eu acum 
000003	0000627.mp3	 Dar dacă le întrebăm noi pe ei dacă ei se considerau pe atunci săraci categoric nu 
000003	0000628.mp3	 Pentru că munceau aveau un venit și trăiau ca oamenii 
000003	0000629.mp3	 Altceva este că poate că atunci când eu mă aflu într-o comunitate în care mai mulți oameni au anumite probleme cu care le am și eu 
000003	0000630.mp3	 Și eu nu sunt supus anumitui stres cumva din exterior 
000003	0000631.mp3	 da În momentul în care eu trăiesc într-o situație de vulnerabilitate în momentul în care marea majoritate a oamenilor nu au astfel de situații 
000003	0000632.mp3	 e mare riscul că eu o să încep să gândesc negativ și să încep să caut exemple la fel de triste
000003	0000633.mp3	 sau spre exemplu să nimeresc în anumite situații asociate cu stări depresive 
000001	0000634.mp3	 niciodată bani Știam că ea nu o să-mi refuze dar știam că ea prea mult face și cumva  
000001	0000635.mp3	 Nu știu  Eu mă duceam la tata meu și-i spuneam tată dă te rog acolo nu știu o sută de lei sau spuneam deci de cât am nevoie 
000001	0000636.mp3	 Și el deja îmi dădea dar de la bunica bunelul mai ales mi-era rușine pentru că ei investeau absolut tot în mine 
000001	0000637.mp3	 Și eu încă hai bunica mai dă-mi că mai vreau  
000004	0000638.mp3	 Toți vrem să fim bogați Asta trebuie să știm Noi toți vrem să trăim mai bine 
000004	0000639.mp3	 Dar nu toți vom face acțiuni Hai și haideți să recunoaștem cineva din lene cineva din necunoștere cineva din rușine 
000004	0000640.mp3	 Dacă noi am avut o copilărie mai grea și eu inclusiv  Deci eu o mi-amintesc în clasa opt 
000004	0000641.mp3	 Foarte tare vream să merg la școala muzicală și
000004	0000642.mp3	pentru părinți ar fi fost o povară financiară să mă dea la muzică 
000004	0000643.mp3	 dar mătușa mea mi-a spus hai măcar hai la examen că dacă o să mergi tu și verșorul tău o să mergă și măcar pe dânsul să-l primească 
000004	0000644.mp3	 Și eu m-am dus așa cumva de cârd să mă duc la școala muzicală și am venit acasă și  
000004	0000645.mp3	 Deci nu toți au dat examenul da eu am susținut examenul de intrare 
000004	0000646.mp3	 Dar pe drum m-am uitat deja că am intrat pentru că eu nu nu vream să-i spun mamei că am intrat la școală 
000004	0000647.mp3	 pentru că știam că nu are bani de școala muzicală acolo trebuia în fiecare lună să platească șaptezeci și cinci de lei 
000004	0000648.mp3	 plus de trei ori în săptămână să merg la Ungheni asta însemna cheltuieli 
000004	0000649.mp3	 Și am venit acasă nu știu ce am mai făcut și pe urmă mama mea întreabă păi ce ai făcut Ai dat examenul 
000004	0000650.mp3	 da l-am dat Și vrei să mergi Da vreau să merg dar noi dor n-avem bani 
000004	0000651.mp3	 Și ea a fost și-a achitat cinci ani pentru mine pe an 
000004	0000652.mp3	 Și eu mergeam la școală și mă gândeam cât de nepotrivit am făcut 
000004	0000653.mp3	 pentru că am pus această povară pe umerii părinților că ei trebuie să achite peste o sută de lei pentru mine 
000004	0000654.mp3	 De exemplu fratele meu nu mergea și mie mi-era rușine că de exemplu ei s-au cheltuit doar cu mine
000004	0000655.mp3	 și pentru mine asta a fost un fel de vinovăție dacă vreți să vă spun așa 
000004	0000656.mp3	 eu am simțit aceste momente de lipsuri de bani sau de vinovăție că mie mi s-au oferit 
000004	0000657.mp3	 că mie îmi dădeau și chiar în facultate când îmi dădeau bani pe săptămână 
000004	0000658.mp3	 eu știam că mama nu mii dădea din dintr-un sac mare de bani 
000004	0000659.mp3	 Poate îmi dădea din ultimii ei bani eu nu știu 
000004	0000660.mp3	 Chiar dacă mama este foarte economicoasă și totdeauna pune bani deoparte dar eu îmi dau seama că era o povară 
000004	0000661.mp3	 De aceea Noi noi vedem aceste lucruri și toți tinerii asta văd dar din motivația lui 
000004	0000662.mp3	 dacă vrea să fie să iasă iată din sărăcie el va ieși pentru că modalități sunt de a ieși 
000004	0000663.mp3	 Pur și simplu se duce să lucreze 
000002	0000664.mp3	 Foarte plăcut să câștigi foarte foarte plăcut îți schimbă tot
000002	0000665.mp3	 că Trebuie să treci ca să ca să simți 
000002	0000666.mp3	 țin minte la o săptămână de la câștig că eu câștigasem mai înainte dar nimeni nu știa până nu o apărut în presă 
000002	0000667.mp3	 După ce o apărut în presă eu am m-am îmbonăvit Am stat în pat răcită nu că cu influență 
000002	0000668.mp3	 Și zic oi sunt liniştită chiar dacă sunt cu influență sunt liniştită că n-am datorii 
000002	0000669.mp3	 ca Să înțelegeți starea la la un om care care n-are datorii care n-are bătae de cap gata eu nu mai am 
000005	0000670.mp3	 Poate din generația mea le vine mai greu 
000005	0000671.mp3	 Dar acești tineri poate dintre dânsii sunt dar lor le s-o deschis multe drumuri 
000005	0000672.mp3	 și ei au Noi atuncea nu am avut drumurile acestea noi am fost ținuți ca într-o cletcă să-i spun
000005	0000673.mp3	 Noi nu cunoșteam multe lucruri noi nu n-auzeam de multe lucruri nu le vedem multe lucruri 
000005	0000674.mp3	 Și lumea s-o învățat așa ia Azi când le văd deacum vor și ei ca și ceilalți 
000005	0000675.mp3	 Dar eu cum să spun de tineretul azi Tineretul azi îi lenos 
000005	0000676.mp3	 Drept să vă spun c-am ascultând televizorul și acestea un lucrător social spune că a treilea ori a patrulea 
000005	0000677.mp3	 nici nu vrea să învețe să studieze nu vrea nici să lucreze nu vor nimic 
000005	0000678.mp3	 Nu știu de ce cum să-i spun că lui e greu dacă el nu vrea nimic să facă 
000005	0000679.mp3	 Eu nu văd la dânșii greutate nimic scuzați-mă 
000005	0000680.mp3	 Azi sunt multe drumuri deschise care vrea să lucreze lucrează poate să-și procure și o mașină și un apartament numai să lucreze 
000005	0000681.mp3	 Are libertate peste tot
000001	0000682.mp3	 În cazul oamenilor care au așa mai mulți bani au și alt nivel de de oameni lângă ei și din cauza asta cumva le este mai ușor să meargă mai sus și mai sus 
000001	0000683.mp3	 În cazul nostru oamenilor așa care un pic mai jos suntem decât decât acești oameni nouă ne este mai greu mai greu pentru că noi n-avem oamenii ceia care să ne poată să ne tragă 
000001	0000684.mp3	 Noi ne motivăm unul pe altul și doar iaca așa mergem înainte 
000003	0000685.mp3	 În momentul în care eu din cauza sărăciei nu am putut să ajut părinții sau frații care erau mai mici sau spre exemplu am avut un potențial și din cauza săraciei nu am putut să mi-l dezvolt 
000003	0000686.mp3	 Iata asta este anumite sentimente legate de vinovăție care ar putea să ne cauzeze mie un descomfort destul de mare chiar fiind deja bine de punct de vedere economic 
000003	0000687.mp3	 Pentru că lucrurile nu le poți întoarce înapoi 
000003	0000688.mp3	 Și deja spre exemplu mama nu mai este să zicem frații au crescut poate că deja nu mai sunt valabile acele idei pe care am vrut să le dezvolt cândva 
000003	0000689.mp3	 Și cumva eu mă întorc la ideea că poate că dacă nu ar fi fost aceea sărăcie care am trăit-o eu ar putea fi lucrurile altfel 
000003	0000690.mp3	 iaca eu vă spun un numit model de a gândi atunci când eu sufăr din cauza sărăciei care deja nu mai este în viața mea dar care cândva a fost 
000005	0000691.mp3	 Dorință trebuie să fie la toate cele 
000005	0000692.mp3	 Ori și lucru dacă dorești îl înveți 
000005	0000693.mp3	 Eu la cincizeci de ani m-am dus în Italia în timp de două săptămâni de zile eu am învățat limba italiană pentru că ea mie îmi trebuia 
000005	0000694.mp3	 E trebuie să comunic Eu am învățat-o limba italiană și să declină încă substantivul și predicatul de la de la tineret de ăștia am învățat tot 
000005	0000695.mp3	 Să vorbesc corect am vrut încă cu dânșii cu italienii 
000005	0000696.mp3	 M-am dus trebuiau oamenii să-i stimezi trebuie să-nveți toate celea 
000005	0000697.mp3	 Dorință să ai tot faci 
000005	0000698.mp3	 Azi îmi pare rău că memoria nu îmi permite să învăț și azi multe lucruri că le mai uit deatâta 
000005	0000699.mp3	 Da dacă este dorință toate celea faci 
